"20190320","SEA","OAK",9,7
"20190321","SEA","OAK",5,4
"20190328","PIT","CIN",3,5
"20190328","ARI","LAN",5,12
"20190328","COL","MIA",6,3
"20190328","SLN","MIL",4,5
"20190328","ATL","PHI",4,10
"20190328","SFN","SDN",0,2
"20190328","NYN","WAS",2,0
"20190328","CHA","KCA",3,5
"20190328","CLE","MIN",0,2
"20190328","BAL","NYA",2,7
"20190328","ANA","OAK",0,4
"20190328","BOS","SEA",4,12
"20190328","HOU","TBA",5,1
"20190328","CHN","TEX",12,4
"20190328","DET","TOR",2,0
"20190329","ARI","LAN",5,4
"20190329","COL","MIA",6,1
"20190329","SLN","MIL",9,5
"20190329","SFN","SDN",1,4
"20190329","ANA","OAK",6,2
"20190329","BOS","SEA",7,6
"20190329","HOU","TBA",2,4
"20190329","DET","TOR",0,6
"20190330","ARI","LAN",5,18
"20190330","COL","MIA",3,7
"20190330","SLN","MIL",2,4
"20190330","ATL","PHI",6,8
"20190330","SFN","SDN",3,2
"20190330","NYN","WAS",11,8
"20190330","CHA","KCA",6,8
"20190330","CLE","MIN",2,1
"20190330","BAL","NYA",5,3
"20190330","ANA","OAK",2,4
"20190330","BOS","SEA",5,6
"20190330","HOU","TBA",1,3
"20190330","CHN","TEX",6,8
"20190330","DET","TOR",0,3
"20190331","PIT","CIN",5,0
"20190331","ARI","LAN",7,8
"20190331","COL","MIA",0,3
"20190331","SLN","MIL",4,5
"20190331","ATL","PHI",1,5
"20190331","SFN","SDN",1,3
"20190331","NYN","WAS",5,6
"20190331","CHA","KCA",6,3
"20190331","CLE","MIN",3,9
"20190331","BAL","NYA",7,5
"20190331","ANA","OAK",1,2
"20190331","BOS","SEA",8,10
"20190331","HOU","TBA",1,3
"20190331","CHN","TEX",10,11
"20190331","DET","TOR",4,3
"20190401","CHN","ATL",0,8
"20190401","MIL","CIN",4,3
"20190401","SFN","LAN",4,2
"20190401","NYN","MIA",7,3
"20190401","SLN","PIT",6,5
"20190401","ARI","SDN",10,3
"20190401","CHA","CLE",3,5
"20190401","DET","NYA",1,3
"20190401","BOS","OAK",0,7
"20190401","ANA","SEA",3,6
"20190401","COL","TBA",1,7
"20190401","HOU","TEX",2,1
"20190401","BAL","TOR",6,5
"20190402","MIL","CIN",4,3
"20190402","SFN","LAN",5,6
"20190402","NYN","MIA",6,5
"20190402","ARI","SDN",8,5
"20190402","PHI","WAS",8,2
"20190402","MIN","KCA",5,4
"20190402","DET","NYA",3,1
"20190402","BOS","OAK",0,1
"20190402","ANA","SEA",1,2
"20190402","COL","TBA",0,4
"20190402","HOU","TEX",4,6
"20190402","BAL","TOR",2,1
"20190403","CHN","ATL",4,6
"20190403","MIL","CIN",1,0
"20190403","SFN","LAN",3,5
"20190403","NYN","MIA",6,4
"20190403","SLN","PIT",5,4
"20190403","ARI","SDN",1,4
"20190403","PHI","WAS",8,9
"20190403","CHA","CLE",8,3
"20190403","MIN","KCA",7,6
"20190403","DET","NYA",2,1
"20190403","BOS","OAK",6,3
"20190403","COL","TBA",1,0
"20190403","HOU","TEX",0,4
"20190403","BAL","TOR",3,5
"20190404","CHN","ATL",4,9
"20190404","WAS","NYN",4,0
"20190404","CIN","PIT",0,2
"20190404","TEX","ANA",11,4
"20190404","NYA","BAL",8,4
"20190404","TOR","CLE",1,4
"20190404","KCA","DET",4,5
"20190404","BOS","OAK",3,7
"20190405","BOS","ARI",8,15
"20190405","MIA","ATL",0,4
"20190405","LAN","COL",10,6
"20190405","CHN","MIL",10,13
"20190405","MIN","PHI",4,10
"20190405","CIN","PIT",0,2
"20190405","TBA","SFN",5,2
"20190405","SDN","SLN",5,3
"20190405","TEX","ANA",1,3
"20190405","SEA","CHA",8,10
"20190405","TOR","CLE",2,3
"20190405","OAK","HOU",2,3
"20190406","BOS","ARI",4,5
"20190406","MIA","ATL",4,2
"20190406","LAN","COL",7,2
"20190406","CHN","MIL",14,8
"20190406","WAS","NYN",5,6
"20190406","MIN","PHI",6,2
"20190406","CIN","PIT",5,6
"20190406","TBA","SFN",4,6
"20190406","SDN","SLN",6,4
"20190406","TEX","ANA",1,5
"20190406","NYA","BAL",6,4
"20190406","SEA","CHA",9,2
"20190406","TOR","CLE",2,7
"20190406","KCA","DET",4,7
"20190406","OAK","HOU",0,6
"20190407","BOS","ARI",1,0
"20190407","MIA","ATL",3,4
"20190407","LAN","COL",12,6
"20190407","CHN","MIL",2,4
"20190407","WAS","NYN",12,9
"20190407","MIN","PHI",1,2
"20190407","CIN","PIT",5,7
"20190407","TBA","SFN",3,0
"20190407","SDN","SLN",1,4
"20190407","TEX","ANA",2,7
"20190407","NYA","BAL",15,3
"20190407","SEA","CHA",12,5
"20190407","TOR","CLE",1,3
"20190407","KCA","DET",1,3
"20190407","OAK","HOU",8,9
"20190408","PIT","CHN",0,10
"20190408","ATL","COL",8,6
"20190408","WAS","PHI",3,4
"20190408","SDN","SFN",6,5
"20190408","LAN","SLN",3,4
"20190408","MIL","ANA",2,5
"20190408","OAK","BAL",4,12
"20190408","TBA","CHA",5,1
"20190408","NYA","HOU",3,4
"20190408","SEA","KCA",13,5
"20190409","TEX","ARI",4,5
"20190409","MIA","CIN",0,14
"20190409","ATL","COL",7,1
"20190409","MIN","NYN",14,8
"20190409","WAS","PHI",10,6
"20190409","SDN","SFN",2,7
"20190409","LAN","SLN",0,4
"20190409","MIL","ANA",8,11
"20190409","OAK","BAL",13,2
"20190409","TOR","BOS",7,5
"20190409","TBA","CHA",10,5
"20190409","CLE","DET",8,2
"20190409","NYA","HOU",3,6
"20190409","SEA","KCA",6,3
"20190410","TEX","ARI",5,2
"20190410","PIT","CHN",5,2
"20190410","MIA","CIN",1,2
"20190410","MIN","NYN",6,9
"20190410","WAS","PHI",15,1
"20190410","SDN","SFN",3,1
"20190410","LAN","SLN",2,7
"20190410","MIL","ANA",2,4
"20190410","OAK","BAL",10,3
"20190410","TBA","CHA",9,1
"20190410","CLE","DET",1,4
"20190410","NYA","HOU",6,8
"20190410","SEA","KCA",6,5
"20190411","SDN","ARI",7,6
"20190411","NYN","ATL",6,3
"20190411","PIT","CHN",0,2
"20190411","MIA","CIN",0,5
"20190411","COL","SFN",0,1
"20190411","LAN","SLN",7,11
"20190411","OAK","BAL",8,5
"20190411","TOR","BOS",6,7
"20190411","CLE","DET",4,0
"20190411","SEA","KCA",7,6
"20190412","SDN","ARI",2,1
"20190412","NYN","ATL",6,2
"20190412","ANA","CHN",1,5
"20190412","MIL","LAN",8,5
"20190412","PHI","MIA",9,1
"20190412","COL","SFN",2,3
"20190412","PIT","WAS",6,3
"20190412","BAL","BOS",4,6
"20190412","CLE","KCA",1,8
"20190412","CHA","NYA",9,6
"20190412","HOU","SEA",10,6
"20190412","OAK","TEX",8,6
"20190412","TBA","TOR",11,7
"20190413","SDN","ARI",5,4
"20190413","NYN","ATL",7,11
"20190413","ANA","CHN",6,5
"20190413","SLN","CIN",2,5
"20190413","MIL","LAN",4,1
"20190413","PHI","MIA",3,10
"20190413","COL","SFN",2,5
"20190413","PIT","WAS",2,3
"20190413","BAL","BOS",9,5
"20190413","CLE","KCA",0,3
"20190413","DET","MIN",3,4
"20190413","CHA","NYA",0,4
"20190413","HOU","SEA",3,1
"20190413","TBA","TOR",1,3
"20190414","SDN","ARI",4,8
"20190414","NYN","ATL",3,7
"20190414","SLN","CIN",9,5
"20190414","MIL","LAN",1,7
"20190414","PHI","MIA",3,1
"20190414","COL","SFN",4,0
"20190414","PIT","WAS",4,3
"20190414","BAL","BOS",0,4
"20190414","CLE","KCA",8,9
"20190414","DET","MIN",4,6
"20190414","CHA","NYA",5,2
"20190414","HOU","SEA",3,2
"20190414","OAK","TEX",7,8
"20190414","TBA","TOR",8,4
"20190415","CIN","LAN",3,4
"20190415","CHN","MIA",7,2
"20190415","SLN","MIL",7,10
"20190415","NYN","PHI",7,6
"20190415","COL","SDN",5,2
"20190415","BAL","BOS",8,1
"20190415","KCA","CHA",4,5
"20190415","TOR","MIN",5,3
"20190415","CLE","SEA",6,4
"20190415","ANA","TEX",7,12
"20190416","ARI","ATL",9,6
"20190416","CIN","LAN",1,6
"20190416","CHN","MIA",4,0
"20190416","SLN","MIL",4,8
"20190416","NYN","PHI",3,14
"20190416","COL","SDN",8,2
"20190416","SFN","WAS",7,3
"20190416","KCA","CHA",1,5
"20190416","PIT","DET",5,3
"20190416","TOR","MIN",6,5
"20190416","BOS","NYA",0,8
"20190416","HOU","OAK",9,1
"20190416","CLE","SEA",4,2
"20190416","BAL","TBA",2,4
"20190416","ANA","TEX",0,5
"20190417","ARI","ATL",3,2
"20190417","CIN","LAN",2,3
"20190417","CHN","MIA",6,0
"20190417","SLN","MIL",6,3
"20190417","NYN","PHI",2,3
"20190417","SFN","WAS",6,9
"20190417","KCA","CHA",4,3
"20190417","PIT","DET",3,2
"20190417","TOR","MIN",1,4
"20190417","BOS","NYA",3,5
"20190417","HOU","OAK",1,2
"20190417","CLE","SEA",1,0
"20190417","BAL","TBA",1,8
"20190417","ANA","TEX",4,5
"20190418","ARI","ATL",4,1
"20190418","PHI","COL",2,6
"20190418","LAN","MIL",3,1
"20190418","CIN","SDN",4,1
"20190418","SFN","WAS",2,4
"20190418","SEA","ANA",11,10
"20190418","CHA","DET",7,9
"20190418","TOR","MIN",7,4
"20190418","KCA","NYA",6,1
"20190418","BAL","TBA",6,5
"20190419","ARI","CHN",1,5
"20190419","PHI","COL",3,4
"20190419","WAS","MIA",2,3
"20190419","LAN","MIL",5,3
"20190419","SFN","PIT",1,4
"20190419","CIN","SDN",3,2
"20190419","NYN","SLN",5,4
"20190419","SEA","ANA",5,3
"20190419","CHA","DET",7,3
"20190419","KCA","NYA",2,6
"20190419","TOR","OAK",5,1
"20190419","BOS","TBA",6,4
"20190419","HOU","TEX",7,2
"20190420","ARI","CHN",6,0
"20190420","PHI","COL",8,5
"20190420","WAS","MIA",3,9
"20190420","LAN","MIL",0,5
"20190420","SFN","PIT",1,3
"20190420","CIN","SDN",4,2
"20190420","NYN","SLN",2,10
"20190420","SEA","ANA",6,5
"20190420","MIN","BAL",6,5
"20190420","MIN","BAL",16,7
"20190420","ATL","CLE",4,8
"20190420","ATL","CLE",8,7
"20190420","KCA","NYA",2,9
"20190420","TOR","OAK",10,1
"20190420","BOS","TBA",6,5
"20190420","HOU","TEX",4,9
"20190421","ARI","CHN",1,2
"20190421","PHI","COL",1,4
"20190421","WAS","MIA",5,0
"20190421","LAN","MIL",6,5
"20190421","SFN","PIT",3,2
"20190421","CIN","SDN",3,4
"20190421","NYN","SLN",4,6
"20190421","SEA","ANA",6,8
"20190421","MIN","BAL",4,3
"20190421","ATL","CLE",11,5
"20190421","CHA","DET",3,4
"20190421","KCA","NYA",6,7
"20190421","TOR","OAK",5,4
"20190421","BOS","TBA",4,3
"20190421","HOU","TEX",10,11
"20190422","WAS","COL",5,7
"20190422","PHI","NYN",1,5
"20190422","ARI","PIT",12,4
"20190422","MIL","SLN",5,13
"20190422","NYA","ANA",4,3
"20190422","CHA","BAL",12,2
"20190422","MIN","HOU",9,5
"20190422","TEX","OAK",1,6
"20190422","KCA","TBA",3,6
"20190423","LAN","CHN",2,7
"20190423","ATL","CIN",6,7
"20190423","WAS","COL",6,3
"20190423","PHI","NYN",0,9
"20190423","ARI","PIT",2,1
"20190423","SEA","SDN",3,6
"20190423","MIL","SLN",3,4
"20190423","NYA","ANA",7,5
"20190423","CHA","BAL",1,9
"20190423","DET","BOS",7,4
"20190423","DET","BOS",4,2
"20190423","MIA","CLE",3,1
"20190423","MIN","HOU",4,10
"20190423","TEX","OAK",5,11
"20190423","KCA","TBA",2,5
"20190423","SFN","TOR",7,6
"20190424","LAN","CHN",6,7
"20190424","ATL","CIN",3,1
"20190424","WAS","COL",5,9
"20190424","PHI","NYN",6,0
"20190424","ARI","PIT",11,2
"20190424","SEA","SDN",0,1
"20190424","MIL","SLN",2,5
"20190424","NYA","ANA",6,5
"20190424","CHA","BAL",3,4
"20190424","DET","BOS",4,11
"20190424","MIA","CLE",2,6
"20190424","MIN","HOU",1,7
"20190424","TEX","OAK",5,6
"20190424","KCA","TBA",10,2
"20190424","SFN","TOR",4,0
"20190425","LAN","CHN",2,1
"20190425","ATL","CIN",2,4
"20190425","MIA","PHI",3,1
"20190425","ARI","PIT",5,0
"20190425","NYA","ANA",5,11
"20190425","DET","BOS",3,7
"20190425","CLE","HOU",2,1
"20190425","TEX","SEA",2,14
"20190426","CHN","ARI",3,8
"20190426","COL","ATL",8,4
"20190426","PIT","LAN",2,6
"20190426","MIL","NYN",10,2
"20190426","MIA","PHI",0,4
"20190426","NYA","SFN",7,3
"20190426","CIN","SLN",12,1
"20190426","SDN","WAS",4,3
"20190426","DET","CHA",11,12
"20190426","CLE","HOU",6,3
"20190426","ANA","KCA",5,1
"20190426","BAL","MIN",1,6
"20190426","TEX","SEA",4,5
"20190426","OAK","TOR",2,4
"20190427","CHN","ARI",9,1
"20190427","COL","ATL",9,5
"20190427","PIT","LAN",1,3
"20190427","MIL","NYN",8,6
"20190427","MIA","PHI",9,12
"20190427","NYA","SFN",6,4
"20190427","CIN","SLN",3,6
"20190427","SDN","WAS",8,3
"20190427","TBA","BOS",2,1
"20190427","CLE","HOU",3,4
"20190427","ANA","KCA",4,9
"20190427","BAL","MIN",2,9
"20190427","TEX","SEA",15,1
"20190427","OAK","TOR",1,7
"20190428","CHN","ARI",6,5
"20190428","COL","ATL",7,8
"20190428","PIT","LAN",6,7
"20190428","MIL","NYN",2,5
"20190428","MIA","PHI",1,5
"20190428","NYA","SFN",11,5
"20190428","CIN","SLN",2,5
"20190428","SDN","WAS",6,7
"20190428","TBA","BOS",5,2
"20190428","DET","CHA",1,4
"20190428","CLE","HOU",1,4
"20190428","ANA","KCA",7,3
"20190428","BAL","MIN",1,4
"20190428","TEX","SEA",14,1
"20190428","OAK","TOR",4,5
"20190429","SDN","ATL",1,3
"20190429","COL","MIL",1,5
"20190429","CIN","NYN",5,4
"20190429","LAN","SFN",2,3
"20190429","SLN","WAS",6,3
"20190429","OAK","BOS",4,9
"20190429","BAL","CHA",3,5
"20190429","TBA","KCA",8,5
"20190429","HOU","MIN",0,1
"20190430","NYA","ARI",1,3
"20190430","SDN","ATL",4,3
"20190430","CLE","MIA",7,4
"20190430","COL","MIL",3,4
"20190430","CIN","NYN",3,4
"20190430","DET","PHI",3,1
"20190430","LAN","SFN",10,3
"20190430","SLN","WAS",3,2
"20190430","TOR","ANA",3,4
"20190430","OAK","BOS",1,5
"20190430","HOU","MIN",11,0
"20190430","CHN","SEA",6,5
"20190430","PIT","TEX",6,4
"20190501","NYA","ARI",2,3
"20190501","SDN","ATL",1,5
"20190501","CLE","MIA",2,4
"20190501","COL","MIL",11,4
"20190501","CIN","NYN",1,0
"20190501","DET","PHI",3,7
"20190501","LAN","SFN",1,2
"20190501","SLN","WAS",5,1
"20190501","TOR","ANA",3,6
"20190501","OAK","BOS",3,7
"20190501","BAL","CHA",5,4
"20190501","BAL","CHA",6,7
"20190501","TBA","KCA",2,3
"20190501","TBA","KCA",2,8
"20190501","HOU","MIN",2,6
"20190501","CHN","SEA",11,0
"20190501","PIT","TEX",7,5
"20190502","SDN","ATL",11,2
"20190502","COL","MIL",11,6
"20190502","CIN","NYN",0,1
"20190502","SLN","WAS",1,2
"20190502","TOR","ANA",2,6
"20190502","BOS","CHA",4,6
"20190502","TBA","KCA",3,1
"20190502","HOU","MIN",2,8
"20190503","SLN","CHN",0,4
"20190503","SFN","CIN",12,11
"20190503","ARI","COL",10,9
"20190503","ATL","MIA",7,2
"20190503","NYN","MIL",1,3
"20190503","WAS","PHI",2,4
"20190503","OAK","PIT",14,1
"20190503","LAN","SDN",4,3
"20190503","TBA","BAL",7,0
"20190503","BOS","CHA",6,1
"20190503","SEA","CLE",1,2
"20190503","KCA","DET",3,4
"20190503","MIN","NYA",3,6
"20190503","TOR","TEX",1,0
"20190504","SLN","CHN",5,6
"20190504","SFN","CIN",2,9
"20190504","ARI","COL",9,2
"20190504","ATL","MIA",9,2
"20190504","NYN","MIL",3,4
"20190504","WAS","PHI",10,8
"20190504","OAK","PIT",4,6
"20190504","LAN","SDN",7,6
"20190504","HOU","ANA",14,2
"20190504","TBA","BAL",0,3
"20190504","BOS","CHA",15,2
"20190504","SEA","CLE",4,5
"20190504","KCA","DET",15,3
"20190504","MIN","NYA",7,3
"20190504","TOR","TEX",5,8
"20190505","SLN","CHN",5,13
"20190505","SFN","CIN",6,5
"20190505","ARI","COL",7,8
"20190505","ATL","MIA",3,1
"20190505","NYN","MIL",2,3
"20190505","WAS","PHI",1,7
"20190505","OAK","PIT",3,5
"20190505","LAN","SDN",5,8
"20190505","HOU","ANA",10,4
"20190505","BOS","CHA",9,2
"20190505","SEA","CLE",10,0
"20190505","KCA","DET",2,5
"20190505","MIN","NYA",1,4
"20190505","TOR","TEX",2,10
"20190506","MIA","CHN",6,5
"20190506","SFN","CIN",4,12
"20190506","ATL","LAN",3,5
"20190506","WAS","MIL",3,5
"20190506","NYN","SDN",0,4
"20190506","PHI","SLN",0,6
"20190506","BOS","BAL",1,4
"20190506","CHA","CLE",9,1
"20190506","KCA","HOU",4,6
"20190506","SEA","NYA",3,7
"20190506","ARI","TBA",1,12
"20190506","MIN","TOR",8,0
"20190507","MIA","CHN",2,5
"20190507","SFN","COL",14,4
"20190507","ATL","LAN",0,9
"20190507","WAS","MIL",0,6
"20190507","TEX","PIT",4,5
"20190507","NYN","SDN",7,6
"20190507","PHI","SLN",11,1
"20190507","BOS","BAL",8,5
"20190507","CHA","CLE",2,0
"20190507","ANA","DET",5,2
"20190507","KCA","HOU",12,2
"20190507","SEA","NYA",4,5
"20190507","CIN","OAK",0,2
"20190507","ARI","TBA",3,6
"20190507","MIN","TOR",3,0
"20190508","MIA","CHN",2,3
"20190508","ATL","LAN",4,9
"20190508","WAS","MIL",3,7
"20190508","TEX","PIT",9,6
"20190508","NYN","SDN",2,3
"20190508","PHI","SLN",5,0
"20190508","BOS","BAL",2,1
"20190508","CHA","CLE",3,5
"20190508","ANA","DET",3,10
"20190508","KCA","HOU",0,9
"20190508","SEA","NYA",10,1
"20190508","CIN","OAK",4,5
"20190508","ARI","TBA",3,2
"20190508","MIN","TOR",9,1
"20190509","ATL","ARI",2,3
"20190509","MIA","CHN",1,4
"20190509","SFN","COL",11,12
"20190509","WAS","LAN",6,0
"20190509","PIT","SLN",4,17
"20190509","CHA","CLE",0,5
"20190509","ANA","DET",13,0
"20190509","TEX","HOU",2,4
"20190509","SEA","NYA",1,3
"20190509","CIN","OAK",3,0
"20190510","ATL","ARI",2,1
"20190510","MIL","CHN",7,0
"20190510","SDN","COL",2,12
"20190510","WAS","LAN",0,5
"20190510","MIA","NYN",2,11
"20190510","CIN","SFN",7,0
"20190510","PIT","SLN",2,1
"20190510","ANA","BAL",8,3
"20190510","SEA","BOS",1,14
"20190510","TEX","HOU",0,3
"20190510","PHI","KCA",1,5
"20190510","DET","MIN",0,6
"20190510","CLE","OAK",3,4
"20190510","NYA","TBA",4,3
"20190510","CHA","TOR",3,4
"20190511","ATL","ARI",6,4
"20190511","MIL","CHN",1,2
"20190511","SDN","COL",4,3
"20190511","WAS","LAN",5,2
"20190511","MIA","NYN",1,4
"20190511","CIN","SFN",5,4
"20190511","PIT","SLN",2,1
"20190511","ANA","BAL",7,2
"20190511","SEA","BOS",5,9
"20190511","TEX","HOU",4,11
"20190511","PHI","KCA",7,0
"20190511","DET","MIN",5,3
"20190511","DET","MIN",3,8
"20190511","CLE","OAK",2,3
"20190511","NYA","TBA",2,7
"20190511","CHA","TOR",7,2
"20190512","ATL","ARI",5,3
"20190512","MIL","CHN",1,4
"20190512","SDN","COL",7,10
"20190512","WAS","LAN",0,6
"20190512","CIN","SFN",5,6
"20190512","PIT","SLN",10,6
"20190512","ANA","BAL",1,5
"20190512","SEA","BOS",2,11
"20190512","TEX","HOU",5,15
"20190512","PHI","KCA",6,1
"20190512","DET","MIN",5,3
"20190512","CLE","OAK",5,3
"20190512","NYA","TBA",7,1
"20190512","CHA","TOR",5,1
"20190513","PIT","ARI",3,9
"20190513","MIL","PHI",4,7
"20190513","CLE","CHA",2,5
"20190513","HOU","DET",8,1
"20190513","ANA","MIN",5,4
"20190513","OAK","SEA",5,6
"20190514","PIT","ARI",6,2
"20190514","SLN","ATL",14,3
"20190514","CHN","CIN",3,1
"20190514","SDN","LAN",3,6
"20190514","TBA","MIA",4,0
"20190514","MIL","PHI",6,1
"20190514","TOR","SFN",7,3
"20190514","NYN","WAS",6,2
"20190514","COL","BOS",5,4
"20190514","CLE","CHA",9,0
"20190514","HOU","DET",11,4
"20190514","TEX","KCA",5,11
"20190514","ANA","MIN",3,4
"20190514","OAK","SEA",3,4
"20190515","PIT","ARI",1,11
"20190515","SLN","ATL",0,4
"20190515","CHN","CIN",5,6
"20190515","SDN","LAN",0,2
"20190515","TBA","MIA",1,0
"20190515","MIL","PHI",5,2
"20190515","TOR","SFN",3,4
"20190515","NYN","WAS",1,5
"20190515","COL","BOS",5,6
"20190515","HOU","DET",5,1
"20190515","TEX","KCA",6,1
"20190515","ANA","MIN",7,8
"20190515","BAL","NYA",3,5
"20190515","BAL","NYA",1,3
"20190516","SLN","ATL",2,10
"20190516","CHN","CIN",2,4
"20190516","MIL","PHI",11,3
"20190516","PIT","SDN",3,4
"20190516","NYN","WAS",6,7
"20190516","TOR","CHA",2,4
"20190516","BAL","CLE",7,14
"20190516","OAK","DET",17,3
"20190516","TEX","KCA",16,1
"20190516","MIN","SEA",11,6
"20190517","SFN","ARI",0,7
"20190517","MIL","ATL",8,12
"20190517","LAN","CIN",6,0
"20190517","NYN","MIA",6,8
"20190517","COL","PHI",4,5
"20190517","PIT","SDN",5,3
"20190517","CHN","WAS",14,6
"20190517","KCA","ANA",2,5
"20190517","HOU","BOS",3,1
"20190517","TOR","CHA",10,2
"20190517","BAL","CLE",5,1
"20190517","OAK","DET",7,2
"20190517","TBA","NYA",3,4
"20190517","MIN","SEA",7,1
"20190517","SLN","TEX",3,7
"20190518","SFN","ARI",8,5
"20190518","MIL","ATL",3,4
"20190518","LAN","CIN",0,4
"20190518","NYN","MIA",0,2
"20190518","COL","PHI",1,2
"20190518","PIT","SDN",7,2
"20190518","CHN","WAS",2,5
"20190518","KCA","ANA",3,6
"20190518","HOU","BOS",7,3
"20190518","TOR","CHA",1,4
"20190518","BAL","CLE",1,4
"20190518","OAK","DET",4,1
"20190518","TBA","NYA",2,1
"20190518","MIN","SEA",18,4
"20190518","SLN","TEX",8,2
"20190519","SFN","ARI",3,2
"20190519","MIL","ATL",3,2
"20190519","LAN","CIN",8,3
"20190519","NYN","MIA",0,3
"20190519","COL","PHI",5,7
"20190519","PIT","SDN",6,4
"20190519","CHN","WAS",6,5
"20190519","KCA","ANA",5,1
"20190519","HOU","BOS",3,4
"20190519","TOR","CHA",5,2
"20190519","BAL","CLE",0,10
"20190519","OAK","DET",7,3
"20190519","TBA","NYA",5,13
"20190519","MIN","SEA",4,7
"20190519","SLN","TEX",4,5
"20190520","PHI","CHN",5,4
"20190520","WAS","NYN",3,5
"20190520","ARI","SDN",1,2
"20190520","ATL","SFN",4,1
"20190520","MIN","ANA",3,1
"20190520","NYA","BAL",10,7
"20190520","OAK","CLE",6,4
"20190520","CHA","HOU",0,3
"20190520","SEA","TEX",9,10
"20190520","BOS","TOR",12,2
"20190521","PHI","CHN",2,3
"20190521","CIN","MIL",3,0
"20190521","WAS","NYN",5,6
"20190521","COL","PIT",5,0
"20190521","ARI","SDN",2,3
"20190521","ATL","SFN",3,4
"20190521","MIN","ANA",8,3
"20190521","NYA","BAL",11,4
"20190521","OAK","CLE",5,3
"20190521","MIA","DET",5,4
"20190521","CHA","HOU",1,5
"20190521","LAN","TBA",7,3
"20190521","SEA","TEX",3,5
"20190521","BOS","TOR",3,10
"20190522","PHI","CHN",4,8
"20190522","CIN","MIL",9,11
"20190522","WAS","NYN",1,6
"20190522","COL","PIT",9,3
"20190522","ARI","SDN",2,5
"20190522","ATL","SFN",9,2
"20190522","KCA","SLN",8,2
"20190522","KCA","SLN",3,10
"20190522","NYA","BAL",7,5
"20190522","OAK","CLE",7,2
"20190522","MIA","DET",6,3
"20190522","CHA","HOU",9,4
"20190522","LAN","TBA",1,8
"20190522","SEA","TEX",1,2
"20190522","BOS","TOR",6,5
"20190523","PHI","CHN",9,7
"20190523","WAS","NYN",4,6
"20190523","COL","PIT",6,14
"20190523","ATL","SFN",5,4
"20190523","MIN","ANA",16,7
"20190523","NYA","BAL",6,5
"20190523","TBA","CLE",7,2
"20190523","MIA","DET",5,2
"20190523","CHA","HOU",4,0
"20190523","BOS","TOR",8,2
"20190524","CIN","CHN",6,5
"20190524","BAL","COL",6,8
"20190524","PHI","MIL",6,4
"20190524","DET","NYN",9,8
"20190524","LAN","PIT",10,2
"20190524","ARI","SFN",18,2
"20190524","ATL","SLN",5,2
"20190524","MIA","WAS",10,12
"20190524","TEX","ANA",4,3
"20190524","TBA","CLE",1,3
"20190524","BOS","HOU",3,4
"20190524","CHA","MIN",4,11
"20190524","SEA","OAK",2,6
"20190524","SDN","TOR",6,3
"20190525","CIN","CHN",6,8
"20190525","BAL","COL",9,6
"20190525","PHI","MIL",7,2
"20190525","DET","NYN",4,5
"20190525","LAN","PIT",7,2
"20190525","ARI","SFN",10,4
"20190525","ATL","SLN",3,6
"20190525","MIA","WAS",0,5
"20190525","TEX","ANA",2,3
"20190525","TBA","CLE",6,2
"20190525","BOS","HOU",3,4
"20190525","NYA","KCA",7,3
"20190525","NYA","KCA",6,5
"20190525","CHA","MIN",1,8
"20190525","SEA","OAK",5,6
"20190525","SDN","TOR",19,4
"20190526","CIN","CHN",10,2
"20190526","BAL","COL",7,8
"20190526","PHI","MIL",1,9
"20190526","DET","NYN",3,4
"20190526","LAN","PIT",11,7
"20190526","ARI","SFN",6,2
"20190526","ATL","SLN",4,3
"20190526","MIA","WAS",6,9
"20190526","TEX","ANA",6,7
"20190526","TBA","CLE",6,3
"20190526","BOS","HOU",4,1
"20190526","NYA","KCA",7,8
"20190526","CHA","MIN",0,7
"20190526","SEA","OAK",1,7
"20190526","SDN","TOR",1,10
"20190527","PIT","CIN",8,5
"20190527","PIT","CIN",1,8
"20190527","ARI","COL",3,4
"20190527","NYN","LAN",5,9
"20190527","MIA","WAS",3,2
"20190527","DET","BAL",3,5
"20190527","CLE","BOS",5,12
"20190527","KCA","CHA",1,2
"20190527","CHN","HOU",5,6
"20190527","MIL","MIN",5,4
"20190527","SDN","NYA",2,5
"20190527","ANA","OAK",5,8
"20190527","TEX","SEA",2,6
"20190527","TOR","TBA",3,8
"20190528","WAS","ATL",5,4
"20190528","PIT","CIN",6,11
"20190528","ARI","COL",2,6
"20190528","NYN","LAN",7,3
"20190528","SFN","MIA",3,11
"20190528","SLN","PHI",3,4
"20190528","DET","BAL",3,0
"20190528","CLE","BOS",7,5
"20190528","KCA","CHA",3,4
"20190528","CHN","HOU",6,9
"20190528","MIL","MIN",3,5
"20190528","SDN","NYA",5,4
"20190528","ANA","OAK",6,4
"20190528","TEX","SEA",11,4
"20190528","TOR","TBA",1,3
"20190529","WAS","ATL",14,4
"20190529","PIT","CIN",7,2
"20190529","ARI","COL",4,5
"20190529","NYN","LAN",8,9
"20190529","SFN","MIA",2,4
"20190529","SLN","PHI",4,11
"20190529","DET","BAL",4,2
"20190529","CLE","BOS",14,9
"20190529","KCA","CHA",7,8
"20190529","CHN","HOU",2,1
"20190529","SDN","NYA",0,7
"20190529","ANA","OAK",12,7
"20190529","TEX","SEA",8,7
"20190529","TOR","TBA",3,4
"20190530","ARI","COL",10,11
"20190530","NYN","LAN",0,2
"20190530","SFN","MIA",3,1
"20190530","SLN","PHI",5,3
"20190530","MIL","PIT",11,5
"20190530","CLE","CHA",4,10
"20190530","ANA","SEA",9,3
"20190530","MIN","TBA",3,14
"20190530","KCA","TEX",4,2
"20190531","NYN","ARI",5,4
"20190531","DET","ATL",8,2
"20190531","WAS","CIN",3,9
"20190531","TOR","COL",6,13
"20190531","PHI","LAN",3,6
"20190531","MIL","PIT",4,9
"20190531","MIA","SDN",2,5
"20190531","CHN","SLN",1,2
"20190531","SFN","BAL",6,9
"20190531","CLE","CHA",1,6
"20190531","BOS","NYA",1,4
"20190531","HOU","OAK",3,2
"20190531","ANA","SEA",3,4
"20190531","MIN","TBA",5,3
"20190531","KCA","TEX",2,6
"20190601","NYN","ARI",5,6
"20190601","DET","ATL",5,10
"20190601","WAS","CIN",5,2
"20190601","TOR","COL",2,4
"20190601","PHI","LAN",3,4
"20190601","MIL","PIT",12,10
"20190601","MIA","SDN",9,3
"20190601","CHN","SLN",4,7
"20190601","SFN","BAL",8,2
"20190601","CLE","CHA",5,2
"20190601","BOS","NYA",3,5
"20190601","HOU","OAK",5,1
"20190601","ANA","SEA",6,3
"20190601","MIN","TBA",6,2
"20190601","KCA","TEX",2,6
"20190602","NYN","ARI",1,7
"20190602","DET","ATL",4,7
"20190602","WAS","CIN",4,1
"20190602","TOR","COL",1,5
"20190602","PHI","LAN",0,8
"20190602","MIL","PIT",4,2
"20190602","MIA","SDN",9,3
"20190602","CHN","SLN",1,2
"20190602","SFN","BAL",8,1
"20190602","CLE","CHA",0,2
"20190602","BOS","NYA",8,5
"20190602","HOU","OAK",6,4
"20190602","ANA","SEA",13,3
"20190602","MIN","TBA",9,7
"20190602","KCA","TEX",1,5
"20190603","LAN","ARI",3,1
"20190603","ANA","CHN",1,8
"20190603","PHI","SDN",2,8
"20190603","HOU","SEA",4,2
"20190604","LAN","ARI",9,0
"20190604","COL","CHN",3,6
"20190604","MIA","MIL",16,0
"20190604","SFN","NYN",9,3
"20190604","ATL","PIT",12,5
"20190604","PHI","SDN",9,6
"20190604","CIN","SLN",4,1
"20190604","CHA","WAS",5,9
"20190604","OAK","ANA",4,2
"20190604","MIN","CLE",2,5
"20190604","TBA","DET",6,9
"20190604","BOS","KCA",8,3
"20190604","HOU","SEA",11,5
"20190604","BAL","TEX",12,11
"20190604","NYA","TOR",3,4
"20190605","LAN","ARI",2,3
"20190605","COL","CHN",8,9
"20190605","MIA","MIL",8,3
"20190605","SFN","NYN",0,7
"20190605","ATL","PIT",4,7
"20190605","PHI","SDN",7,5
"20190605","CHA","WAS",4,6
"20190605","OAK","ANA",9,10
"20190605","MIN","CLE",7,9
"20190605","TBA","DET",4,0
"20190605","BOS","KCA",8,0
"20190605","HOU","SEA",1,14
"20190605","BAL","TEX",1,2
"20190605","NYA","TOR",7,11
"20190606","COL","CHN",3,1
"20190606","MIA","MIL",1,5
"20190606","SFN","NYN",3,7
"20190606","ATL","PIT",1,6
"20190606","WAS","SDN",4,5
"20190606","CIN","SLN",1,3
"20190606","OAK","ANA",7,4
"20190606","MIN","CLE",5,4
"20190606","TBA","DET",6,1
"20190606","BOS","KCA",7,5
"20190606","HOU","SEA",8,7
"20190606","BAL","TEX",3,4
"20190606","NYA","TOR",6,2
"20190607","SLN","CHN",1,3
"20190607","ATL","MIA",7,1
"20190607","PIT","MIL",4,10
"20190607","COL","NYN",5,1
"20190607","CIN","PHI",2,4
"20190607","WAS","SDN",4,5
"20190607","LAN","SFN",1,2
"20190607","SEA","ANA",6,2
"20190607","TBA","BOS",5,1
"20190607","NYA","CLE",2,5
"20190607","MIN","DET",6,3
"20190607","BAL","HOU",3,4
"20190607","CHA","KCA",4,6
"20190607","OAK","TEX",5,3
"20190607","ARI","TOR",8,2
"20190608","SLN","CHN",4,9
"20190608","ATL","MIA",1,0
"20190608","PIT","MIL",3,5
"20190608","COL","NYN",3,5
"20190608","CIN","PHI",1,4
"20190608","WAS","SDN",4,1
"20190608","LAN","SFN",7,2
"20190608","SEA","ANA",3,12
"20190608","TBA","BOS",9,2
"20190608","TBA","BOS",1,5
"20190608","NYA","CLE",4,8
"20190608","MIN","DET",3,9
"20190608","BAL","HOU",4,1
"20190608","CHA","KCA",2,0
"20190608","OAK","TEX",5,10
"20190608","OAK","TEX",1,3
"20190608","ARI","TOR",6,0
"20190609","SLN","CHN",1,5
"20190609","ATL","MIA",7,6
"20190609","PIT","MIL",2,5
"20190609","COL","NYN",1,6
"20190609","CIN","PHI",4,3
"20190609","WAS","SDN",5,2
"20190609","LAN","SFN",1,0
"20190609","SEA","ANA",9,3
"20190609","TBA","BOS",6,1
"20190609","NYA","CLE",7,6
"20190609","MIN","DET",12,2
"20190609","BAL","HOU",0,4
"20190609","CHA","KCA",5,2
"20190609","OAK","TEX",9,8
"20190609","ARI","TOR",8,2
"20190610","PIT","ATL",7,13
"20190610","CHN","COL",5,6
"20190610","SLN","MIA",4,1
"20190610","ARI","PHI",13,8
"20190610","LAN","ANA",3,5
"20190610","TEX","BOS",4,3
"20190610","WAS","CHA",12,1
"20190610","OAK","TBA",2,6
"20190611","PIT","ATL",5,7
"20190611","CHN","COL",3,10
"20190611","SLN","MIA",7,1
"20190611","ARI","PHI",4,7
"20190611","SDN","SFN",5,6
"20190611","LAN","ANA",3,5
"20190611","TOR","BAL",2,4
"20190611","TEX","BOS",9,5
"20190611","WAS","CHA",5,7
"20190611","CIN","CLE",1,2
"20190611","MIL","HOU",8,10
"20190611","DET","KCA",2,3
"20190611","SEA","MIN",5,6
"20190611","NYN","NYA",5,12
"20190611","NYN","NYA",10,4
"20190611","OAK","TBA",4,3
"20190612","PIT","ATL",7,8
"20190612","CHN","COL",10,1
"20190612","SLN","MIA",0,9
"20190612","ARI","PHI",2,0
"20190612","SDN","SFN",2,4
"20190612","TOR","BAL",8,6
"20190612","TEX","BOS",3,4
"20190612","CIN","CLE",7,2
"20190612","MIL","HOU",6,3
"20190612","DET","KCA",3,2
"20190612","SEA","MIN",9,6
"20190612","OAK","TBA",6,2
"20190613","PIT","ATL",5,6
"20190613","SDN","COL",6,9
"20190613","CHN","LAN",3,7
"20190613","SLN","NYN",5,4
"20190613","ARI","WAS",5,0
"20190613","TOR","BAL",12,3
"20190613","TEX","BOS",6,7
"20190613","NYA","CHA",4,5
"20190613","DET","KCA",3,7
"20190613","SEA","MIN",5,10
"20190613","ANA","TBA",5,3
"20190614","PHI","ATL",8,9
"20190614","TEX","CIN",7,1
"20190614","SDN","COL",16,12
"20190614","CHN","LAN",3,5
"20190614","PIT","MIA",11,0
"20190614","SLN","NYN",9,5
"20190614","MIL","SFN",3,5
"20190614","ARI","WAS",3,7
"20190614","BOS","BAL",13,2
"20190614","NYA","CHA",2,10
"20190614","CLE","DET",13,4
"20190614","TOR","HOU",2,15
"20190614","KCA","MIN",0,2
"20190614","SEA","OAK",9,2
"20190614","ANA","TBA",4,9
"20190615","PHI","ATL",6,5
"20190615","TEX","CIN",4,3
"20190615","SDN","COL",8,14
"20190615","CHN","LAN",2,1
"20190615","PIT","MIA",3,4
"20190615","SLN","NYN",7,8
"20190615","MIL","SFN",7,8
"20190615","ARI","WAS",10,3
"20190615","BOS","BAL",7,2
"20190615","NYA","CHA",8,4
"20190615","CLE","DET",4,2
"20190615","TOR","HOU",2,7
"20190615","KCA","MIN",4,5
"20190615","SEA","OAK",2,11
"20190615","ANA","TBA",5,3
"20190616","PHI","ATL",1,15
"20190616","TEX","CIN",3,11
"20190616","SDN","COL",14,13
"20190616","CHN","LAN",2,3
"20190616","PIT","MIA",5,4
"20190616","SLN","NYN",4,3
"20190616","MIL","SFN",5,3
"20190616","ARI","WAS",5,15
"20190616","BOS","BAL",8,6
"20190616","NYA","CHA",10,3
"20190616","CLE","DET",8,0
"20190616","TOR","HOU",12,0
"20190616","KCA","MIN",8,6
"20190616","SEA","OAK",6,3
"20190616","ANA","TBA",5,6
"20190617","NYN","ATL",3,12
"20190617","HOU","CIN",2,3
"20190617","SFN","LAN",3,2
"20190617","MIL","SDN",0,2
"20190617","MIA","SLN",0,5
"20190617","BOS","MIN",2,0
"20190617","TBA","NYA",0,3
"20190617","BAL","OAK",2,3
"20190617","KCA","SEA",6,4
"20190617","CLE","TEX",2,7
"20190617","ANA","TOR",10,5
"20190618","COL","ARI",8,1
"20190618","NYN","ATL",10,2
"20190618","CHA","CHN",3,1
"20190618","HOU","CIN",3,4
"20190618","SFN","LAN",0,9
"20190618","DET","PIT",5,4
"20190618","MIL","SDN",1,4
"20190618","MIA","SLN",6,0
"20190618","BOS","MIN",3,4
"20190618","TBA","NYA",3,6
"20190618","BAL","OAK",2,16
"20190618","KCA","SEA",9,0
"20190618","CLE","TEX",10,3
"20190618","ANA","TOR",3,1
"20190619","COL","ARI",6,4
"20190619","NYN","ATL",2,7
"20190619","CHA","CHN",3,7
"20190619","HOU","CIN",2,3
"20190619","SFN","LAN",2,9
"20190619","DET","PIT",7,8
"20190619","MIL","SDN",7,8
"20190619","MIA","SLN",1,2
"20190619","PHI","WAS",2,6
"20190619","PHI","WAS",0,2
"20190619","BOS","MIN",9,4
"20190619","TBA","NYA",1,12
"20190619","BAL","OAK",3,8
"20190619","KCA","SEA",2,8
"20190619","CLE","TEX",10,4
"20190619","ANA","TOR",11,6
"20190620","COL","ARI",6,4
"20190620","NYN","CHN",4,7
"20190620","SFN","LAN",8,9
"20190620","CIN","MIL",7,1
"20190620","MIA","SLN",7,6
"20190620","PHI","WAS",4,7
"20190620","MIN","KCA",1,4
"20190620","HOU","NYA",6,10
"20190620","TBA","OAK",4,5
"20190620","BAL","SEA",2,5
"20190620","CLE","TEX",2,4
"20190620","ANA","TOR",5,7
"20190621","SFN","ARI",11,5
"20190621","NYN","CHN",5,4
"20190621","COL","LAN",2,4
"20190621","CIN","MIL",11,7
"20190621","MIA","PHI",2,1
"20190621","SDN","PIT",1,2
"20190621","ANA","SLN",1,5
"20190621","ATL","WAS",3,4
"20190621","TOR","BOS",5,7
"20190621","DET","CLE",6,7
"20190621","MIN","KCA",8,7
"20190621","HOU","NYA",1,4
"20190621","TBA","OAK",5,3
"20190621","BAL","SEA",9,10
"20190621","CHA","TEX",5,4
"20190622","SFN","ARI",7,4
"20190622","NYN","CHN",10,2
"20190622","COL","LAN",4,5
"20190622","CIN","MIL",5,6
"20190622","MIA","PHI",5,3
"20190622","SDN","PIT",3,6
"20190622","ANA","SLN",2,4
"20190622","ATL","WAS",13,9
"20190622","TOR","BOS",8,7
"20190622","DET","CLE",0,2
"20190622","MIN","KCA",5,3
"20190622","HOU","NYA",5,7
"20190622","TBA","OAK",2,4
"20190622","BAL","SEA",8,4
"20190622","CHA","TEX",5,6
"20190623","SFN","ARI",2,3
"20190623","NYN","CHN",3,5
"20190623","COL","LAN",3,6
"20190623","CIN","MIL",5,7
"20190623","MIA","PHI",6,4
"20190623","SDN","PIT",10,11
"20190623","ANA","SLN",6,4
"20190623","ATL","WAS",4,3
"20190623","TOR","BOS",6,1
"20190623","DET","CLE",3,8
"20190623","MIN","KCA",1,6
"20190623","HOU","NYA",9,4
"20190623","TBA","OAK",8,2
"20190623","BAL","SEA",3,13
"20190623","CHA","TEX",4,7
"20190624","LAN","ARI",5,8
"20190624","ATL","CHN",3,8
"20190624","NYN","PHI",7,13
"20190624","COL","SFN",2,0
"20190624","CHA","BOS",5,6
"20190624","KCA","CLE",2,3
"20190624","TOR","NYA",8,10
"20190625","LAN","ARI",3,2
"20190625","ATL","CHN",3,2
"20190625","WAS","MIA",6,1
"20190625","SEA","MIL",8,3
"20190625","NYN","PHI",5,7
"20190625","COL","SFN",2,4
"20190625","OAK","SLN",7,3
"20190625","CIN","ANA",1,5
"20190625","SDN","BAL",8,3
"20190625","CHA","BOS",3,6
"20190625","KCA","CLE",8,6
"20190625","TEX","DET",5,3
"20190625","PIT","HOU",1,5
"20190625","TBA","MIN",4,9
"20190625","TOR","NYA",3,4
"20190626","LAN","ARI",2,8
"20190626","ATL","CHN",5,3
"20190626","WAS","MIA",7,5
"20190626","SEA","MIL",4,2
"20190626","NYN","PHI",4,5
"20190626","COL","SFN",6,3
"20190626","OAK","SLN",2,0
"20190626","CIN","ANA",1,5
"20190626","SDN","BAL",10,5
"20190626","CHA","BOS",8,7
"20190626","KCA","CLE",3,5
"20190626","TEX","DET",4,1
"20190626","PIT","HOU",14,2
"20190626","TBA","MIN",4,6
"20190626","TOR","NYA",7,8
"20190627","ATL","CHN",7,9
"20190627","LAN","COL",12,8
"20190627","WAS","MIA",8,5
"20190627","SEA","MIL",2,4
"20190627","NYN","PHI",3,6
"20190627","ARI","SFN",5,1
"20190627","OAK","ANA",3,8
"20190627","TEX","DET",3,1
"20190627","PIT","HOU",10,0
"20190627","TBA","MIN",5,2
"20190628","CHN","CIN",3,6
"20190628","LAN","COL",9,13
"20190628","PHI","MIA",2,6
"20190628","PIT","MIL",3,2
"20190628","ATL","NYN",6,2
"20190628","SLN","SDN",1,3
"20190628","ARI","SFN",3,6
"20190628","OAK","ANA",7,2
"20190628","CLE","BAL",0,13
"20190628","MIN","CHA",4,6
"20190628","WAS","DET",3,1
"20190628","SEA","HOU",1,2
"20190628","TEX","TBA",5,0
"20190628","KCA","TOR",2,6
"20190629","CHN","CIN",6,0
"20190629","LAN","COL",3,5
"20190629","PHI","MIA",6,9
"20190629","PIT","MIL",1,3
"20190629","ATL","NYN",5,4
"20190629","SLN","SDN",2,12
"20190629","ARI","SFN",4,3
"20190629","OAK","ANA",4,0
"20190629","CLE","BAL",0,13
"20190629","NYA","BOS",17,13
"20190629","MIN","CHA",10,3
"20190629","WAS","DET",5,7
"20190629","SEA","HOU",5,6
"20190629","TEX","TBA",2,5
"20190629","KCA","TOR",5,7
"20190630","CHN","CIN",6,8
"20190630","LAN","COL",10,5
"20190630","PHI","MIA",13,6
"20190630","PIT","MIL",1,2
"20190630","ATL","NYN",5,8
"20190630","SLN","SDN",5,3
"20190630","ARI","SFN",4,10
"20190630","OAK","ANA",12,3
"20190630","CLE","BAL",2,0
"20190630","NYA","BOS",12,8
"20190630","MIN","CHA",3,4
"20190630","WAS","DET",2,1
"20190630","SEA","HOU",1,6
"20190630","TEX","TBA",2,6
"20190630","KCA","TOR",7,6
"20190701","MIL","CIN",8,6
"20190701","CHN","PIT",5,18
"20190701","SFN","SDN",13,2
"20190701","BAL","TBA",3,6
"20190701","KCA","TOR",4,11
"20190702","PHI","ATL",2,0
"20190702","MIL","CIN",4,5
"20190702","HOU","COL",9,8
"20190702","ARI","LAN",4,5
"20190702","NYA","NYN",2,4
"20190702","CHN","PIT",1,5
"20190702","SFN","SDN",10,4
"20190702","MIA","WAS",2,3
"20190702","CLE","KCA",9,5
"20190702","MIN","OAK",6,8
"20190702","SLN","SEA",4,5
"20190702","BAL","TBA",3,6
"20190702","ANA","TEX",9,4
"20190702","BOS","TOR",10,6
"20190703","PHI","ATL",2,9
"20190703","MIL","CIN",0,3
"20190703","HOU","COL",4,2
"20190703","ARI","LAN",4,5
"20190703","NYA","NYN",5,1
"20190703","CHN","PIT",5,6
"20190703","SFN","SDN",7,5
"20190703","MIA","WAS",1,3
"20190703","DET","CHA",5,7
"20190703","DET","CHA",6,9
"20190703","CLE","KCA",4,0
"20190703","MIN","OAK",4,3
"20190703","SLN","SEA",5,2
"20190703","BAL","TBA",9,6
"20190703","ANA","TEX",6,2
"20190703","BOS","TOR",3,6
"20190704","PHI","ATL",6,12
"20190704","MIL","CIN",0,1
"20190704","SDN","LAN",1,5
"20190704","CHN","PIT",11,3
"20190704","MIA","WAS",2,5
"20190704","DET","CHA",11,5
"20190704","CLE","KCA",8,4
"20190704","MIN","OAK",2,7
"20190704","SLN","SEA",5,4
"20190704","NYA","TBA",8,4
"20190704","ANA","TEX",3,9
"20190704","BOS","TOR",8,7
"20190705","COL","ARI",0,8
"20190705","MIA","ATL",0,1
"20190705","SDN","LAN",3,2
"20190705","PHI","NYN",7,2
"20190705","MIL","PIT",7,6
"20190705","SLN","SFN",9,4
"20190705","KCA","WAS",7,4
"20190705","BOS","DET",9,6
"20190705","ANA","HOU",5,4
"20190705","TEX","MIN",6,15
"20190705","OAK","SEA",5,2
"20190705","NYA","TBA",8,4
"20190705","BAL","TOR",4,1
"20190706","COL","ARI",2,4
"20190706","MIA","ATL",5,4
"20190706","CLE","CIN",7,2
"20190706","SDN","LAN",3,1
"20190706","PHI","NYN",5,6
"20190706","MIL","PIT",2,12
"20190706","SLN","SFN",4,8
"20190706","KCA","WAS",0,6
"20190706","CHN","CHA",6,3
"20190706","BOS","DET",10,6
"20190706","ANA","HOU",0,4
"20190706","TEX","MIN",4,7
"20190706","OAK","SEA",3,6
"20190706","NYA","TBA",3,4
"20190706","BAL","TOR",8,1
"20190707","COL","ARI",3,5
"20190707","MIA","ATL",3,4
"20190707","CLE","CIN",11,1
"20190707","SDN","LAN",5,3
"20190707","PHI","NYN",8,3
"20190707","MIL","PIT",5,6
"20190707","SLN","SFN",0,1
"20190707","KCA","WAS",2,5
"20190707","CHN","CHA",1,3
"20190707","BOS","DET",6,3
"20190707","ANA","HOU",10,11
"20190707","TEX","MIN",4,1
"20190707","OAK","SEA",7,4
"20190707","NYA","TBA",1,2
"20190707","BAL","TOR",1,6
"20190711","HOU","TEX",0,5
"20190712","PIT","CHN",3,4
"20190712","CIN","COL",2,3
"20190712","NYN","MIA",4,8
"20190712","SFN","MIL",10,7
"20190712","WAS","PHI",4,0
"20190712","ATL","SDN",5,3
"20190712","ARI","SLN",4,2
"20190712","SEA","ANA",0,13
"20190712","TBA","BAL",16,4
"20190712","LAN","BOS",1,8
"20190712","MIN","CLE",5,3
"20190712","DET","KCA",5,8
"20190712","TOR","NYA",0,4
"20190712","CHA","OAK",1,5
"20190712","HOU","TEX",8,9
"20190713","PIT","CHN",4,10
"20190713","CIN","COL",17,9
"20190713","NYN","MIA",4,2
"20190713","SFN","MIL",4,5
"20190713","WAS","PHI",4,3
"20190713","ATL","SDN",7,5
"20190713","ARI","SLN",2,4
"20190713","SEA","ANA",2,9
"20190713","TBA","BAL",1,2
"20190713","TBA","BAL",12,4
"20190713","LAN","BOS",11,2
"20190713","MIN","CLE",6,2
"20190713","DET","KCA",1,4
"20190713","TOR","NYA",2,1
"20190713","CHA","OAK",2,13
"20190713","HOU","TEX",7,6
"20190714","PIT","CHN",3,8
"20190714","CIN","COL",9,10
"20190714","NYN","MIA",6,2
"20190714","SFN","MIL",8,3
"20190714","WAS","PHI",3,4
"20190714","ATL","SDN",4,1
"20190714","ARI","SLN",2,5
"20190714","SEA","ANA",3,6
"20190714","TBA","BAL",4,1
"20190714","LAN","BOS",7,4
"20190714","MIN","CLE",3,4
"20190714","DET","KCA",12,8
"20190714","TOR","NYA",2,4
"20190714","CHA","OAK",2,3
"20190714","HOU","TEX",12,4
"20190715","CIN","CHN",6,3
"20190715","SFN","COL",19,2
"20190715","SFN","COL",2,1
"20190715","ATL","MIL",4,2
"20190715","LAN","PHI",16,2
"20190715","PIT","SLN",0,7
"20190715","HOU","ANA",6,9
"20190715","TOR","BOS",8,10
"20190715","DET","CLE",6,8
"20190715","CHA","KCA",2,5
"20190715","TBA","NYA",5,4
"20190716","CIN","CHN",3,4
"20190716","SFN","COL",8,4
"20190716","SDN","MIA",7,12
"20190716","ATL","MIL",1,13
"20190716","LAN","PHI",8,9
"20190716","PIT","SLN",3,1
"20190716","HOU","ANA",2,7
"20190716","WAS","BAL",8,1
"20190716","TOR","BOS",10,4
"20190716","DET","CLE",0,8
"20190716","CHA","KCA",0,11
"20190716","NYN","MIN",3,2
"20190716","TBA","NYA",3,8
"20190716","SEA","OAK",2,9
"20190716","ARI","TEX",9,2
"20190717","CIN","CHN",2,5
"20190717","SFN","COL",11,8
"20190717","SDN","MIA",3,2
"20190717","ATL","MIL",4,5
"20190717","LAN","PHI",7,2
"20190717","PIT","SLN",5,6
"20190717","HOU","ANA",11,2
"20190717","WAS","BAL",2,9
"20190717","TOR","BOS",4,5
"20190717","DET","CLE",2,7
"20190717","CHA","KCA",5,7
"20190717","NYN","MIN",14,4
"20190717","SEA","OAK",2,10
"20190717","ARI","TEX",19,4
"20190718","MIL","ARI",5,1
"20190718","WAS","ATL",13,4
"20190718","SLN","CIN",7,4
"20190718","SDN","MIA",3,4
"20190718","LAN","PHI",6,7
"20190718","NYN","SFN",2,3
"20190718","HOU","ANA",6,2
"20190718","TOR","BOS",0,5
"20190718","DET","CLE",3,6
"20190718","CHA","KCA",5,6
"20190718","OAK","MIN",3,6
"20190718","TBA","NYA",2,6
"20190718","TBA","NYA",1,5
"20190719","MIL","ARI",7,10
"20190719","WAS","ATL",3,4
"20190719","SDN","CHN",5,6
"20190719","SLN","CIN",12,11
"20190719","MIA","LAN",1,2
"20190719","PHI","PIT",6,1
"20190719","NYN","SFN",0,1
"20190719","BOS","BAL",2,11
"20190719","KCA","CLE",5,10
"20190719","TOR","DET",12,1
"20190719","TEX","HOU",3,4
"20190719","OAK","MIN",5,3
"20190719","COL","NYA",2,8
"20190719","ANA","SEA",0,10
"20190719","CHA","TBA",9,2
"20190720","MIL","ARI",8,3
"20190720","WAS","ATL",5,3
"20190720","SDN","CHN",5,6
"20190720","SLN","CIN",2,3
"20190720","MIA","LAN",6,10
"20190720","PHI","PIT",1,5
"20190720","NYN","SFN",11,4
"20190720","BOS","BAL",17,6
"20190720","KCA","CLE",1,0
"20190720","TOR","DET",7,5
"20190720","TEX","HOU",1,6
"20190720","OAK","MIN",5,4
"20190720","COL","NYA",5,11
"20190720","ANA","SEA",6,2
"20190720","CHA","TBA",2,1
"20190721","MIL","ARI",7,4
"20190721","WAS","ATL",1,7
"20190721","SDN","CHN",5,1
"20190721","SLN","CIN",3,1
"20190721","MIA","LAN",0,9
"20190721","PHI","PIT",2,1
"20190721","NYN","SFN",2,3
"20190721","BOS","BAL",0,5
"20190721","KCA","CLE",4,5
"20190721","TOR","DET",3,4
"20190721","TEX","HOU",3,5
"20190721","OAK","MIN",6,7
"20190721","COL","NYA",8,4
"20190721","ANA","SEA",9,3
"20190721","CHA","TBA",2,4
"20190722","BAL","ARI",3,6
"20190722","CIN","MIL",6,5
"20190722","SLN","PIT",6,5
"20190722","CHN","SFN",4,5
"20190722","MIA","CHA",1,9
"20190722","OAK","HOU",1,11
"20190722","NYA","MIN",6,8
"20190722","TEX","SEA",3,7
"20190722","BOS","TBA",9,4
"20190722","CLE","TOR",7,3
"20190723","BAL","ARI",7,2
"20190723","KCA","ATL",5,4
"20190723","ANA","LAN",5,4
"20190723","CIN","MIL",14,6
"20190723","SDN","NYN",2,5
"20190723","SLN","PIT",4,3
"20190723","CHN","SFN",4,5
"20190723","COL","WAS",1,11
"20190723","MIA","CHA",5,1
"20190723","PHI","DET",3,2
"20190723","OAK","HOU",4,3
"20190723","NYA","MIN",14,12
"20190723","TEX","SEA",7,2
"20190723","BOS","TBA",5,4
"20190723","CLE","TOR",1,2
"20190724","BAL","ARI",2,5
"20190724","KCA","ATL",2,0
"20190724","ANA","LAN",3,2
"20190724","CIN","MIL",4,5
"20190724","SDN","NYN",7,2
"20190724","SLN","PIT",14,8
"20190724","CHN","SFN",4,1
"20190724","COL","WAS",2,3
"20190724","COL","WAS",0,2
"20190724","MIA","CHA",2,0
"20190724","PHI","DET",4,0
"20190724","OAK","HOU",2,4
"20190724","NYA","MIN",10,7
"20190724","TEX","SEA",3,5
"20190724","BOS","TBA",2,3
"20190724","CLE","TOR",4,0
"20190725","SDN","NYN",0,4
"20190725","SLN","PIT",6,3
"20190725","COL","WAS",8,7
"20190725","BAL","ANA",10,8
"20190725","NYA","BOS",3,19
"20190725","MIN","CHA",10,3
"20190725","CLE","KCA",5,4
"20190725","TEX","OAK",11,3
"20190725","DET","SEA",2,10
"20190726","COL","CIN",12,2
"20190726","ARI","MIA",2,3
"20190726","CHN","MIL",2,3
"20190726","PIT","NYN",3,6
"20190726","ATL","PHI",9,2
"20190726","SFN","SDN",2,1
"20190726","HOU","SLN",3,5
"20190726","LAN","WAS",4,2
"20190726","BAL","ANA",9,3
"20190726","NYA","BOS",5,10
"20190726","MIN","CHA",6,2
"20190726","CLE","KCA",8,3
"20190726","TEX","OAK",5,2
"20190726","DET","SEA",2,3
"20190726","TBA","TOR",3,1
"20190727","COL","CIN",1,3
"20190727","ARI","MIA",9,2
"20190727","CHN","MIL",3,5
"20190727","PIT","NYN",0,3
"20190727","ATL","PHI",15,7
"20190727","SFN","SDN",1,5
"20190727","HOU","SLN",8,2
"20190727","LAN","WAS",9,3
"20190727","BAL","ANA",8,7
"20190727","NYA","BOS",5,9
"20190727","MIN","CHA",1,5
"20190727","CLE","KCA",9,1
"20190727","TEX","OAK",4,5
"20190727","DET","SEA",1,8
"20190727","TBA","TOR",9,10
"20190728","COL","CIN",2,3
"20190728","ARI","MIA",1,5
"20190728","CHN","MIL",11,4
"20190728","PIT","NYN",7,8
"20190728","ATL","PHI",4,9
"20190728","SFN","SDN",7,6
"20190728","HOU","SLN",6,2
"20190728","LAN","WAS",4,11
"20190728","BAL","ANA",4,5
"20190728","NYA","BOS",9,6
"20190728","MIN","CHA",11,1
"20190728","CLE","KCA",6,9
"20190728","TEX","OAK",5,6
"20190728","DET","SEA",2,3
"20190728","TBA","TOR",10,9
"20190729","PIT","CIN",6,11
"20190729","LAN","COL",1,9
"20190729","ARI","MIA",6,11
"20190729","BAL","SDN",1,8
"20190729","ATL","WAS",3,6
"20190729","DET","ANA",7,2
"20190729","TOR","KCA",7,3
"20190730","PIT","CIN",11,4
"20190730","LAN","COL",9,4
"20190730","MIN","MIA",2,1
"20190730","SFN","PHI",2,4
"20190730","BAL","SDN",8,5
"20190730","CHN","SLN",1,2
"20190730","ATL","WAS",11,8
"20190730","DET","ANA",1,6
"20190730","TBA","BOS",6,5
"20190730","NYN","CHA",5,2
"20190730","HOU","CLE",2,0
"20190730","TOR","KCA",9,2
"20190730","ARI","NYA",4,2
"20190730","MIL","OAK",2,3
"20190730","SEA","TEX",8,5
"20190731","PIT","CIN",1,4
"20190731","LAN","COL",5,1
"20190731","MIN","MIA",7,4
"20190731","SFN","PHI",5,1
"20190731","CHN","SLN",2,0
"20190731","ATL","WAS",5,4
"20190731","DET","ANA",9,1
"20190731","TBA","BOS",8,5
"20190731","NYN","CHA",4,2
"20190731","HOU","CLE",4,10
"20190731","TOR","KCA",4,1
"20190731","ARI","NYA",5,7
"20190731","MIL","OAK",4,2
"20190731","SEA","TEX",7,9
"20190801","CIN","ATL",1,4
"20190801","SDN","LAN",2,8
"20190801","MIN","MIA",4,5
"20190801","SFN","PHI",2,10
"20190801","CHN","SLN",0,8
"20190801","TOR","BAL",11,2
"20190801","TBA","BOS",9,4
"20190801","NYN","CHA",4,0
"20190801","HOU","CLE",7,1
"20190801","MIL","OAK",3,5
"20190802","WAS","ARI",3,0
"20190802","CIN","ATL",5,2
"20190802","MIL","CHN",2,6
"20190802","SFN","COL",4,5
"20190802","SDN","LAN",5,2
"20190802","CHA","PHI",4,3
"20190802","NYN","PIT",4,8
"20190802","TOR","BAL",5,2
"20190802","ANA","CLE",3,7
"20190802","SEA","HOU",2,10
"20190802","KCA","MIN",9,11
"20190802","BOS","NYA",2,4
"20190802","DET","TEX",4,5
"20190803","WAS","ARI",7,18
"20190803","CIN","ATL",4,5
"20190803","MIL","CHN",1,4
"20190803","SFN","COL",6,5
"20190803","SDN","LAN",1,4
"20190803","CHA","PHI",2,3
"20190803","NYN","PIT",7,5
"20190803","TOR","BAL",4,6
"20190803","ANA","CLE",2,7
"20190803","SEA","HOU",0,9
"20190803","KCA","MIN",3,11
"20190803","BOS","NYA",2,9
"20190803","BOS","NYA",4,6
"20190803","SLN","OAK",3,8
"20190803","MIA","TBA",6,8
"20190803","DET","TEX",4,5
"20190804","WAS","ARI",5,7
"20190804","CIN","ATL",6,4
"20190804","MIL","CHN",2,7
"20190804","SFN","COL",2,6
"20190804","SDN","LAN",10,11
"20190804","CHA","PHI",10,5
"20190804","NYN","PIT",13,2
"20190804","TOR","BAL",5,6
"20190804","ANA","CLE",2,6
"20190804","SEA","HOU",1,3
"20190804","KCA","MIN",0,3
"20190804","BOS","NYA",4,7
"20190804","SLN","OAK",2,4
"20190804","MIA","TBA",2,7
"20190804","DET","TEX",4,9
"20190805","PHI","ARI",7,3
"20190805","OAK","CHN",5,6
"20190805","ANA","CIN",4,7
"20190805","SLN","LAN",0,8
"20190805","MIA","NYN",2,6
"20190805","MIA","NYN",4,5
"20190805","MIL","PIT",9,7
"20190805","WAS","SFN",4,0
"20190805","NYA","BAL",9,6
"20190805","KCA","BOS",5,7
"20190805","TEX","CLE",1,0
"20190805","CHA","DET",7,4
"20190805","ATL","MIN",3,5
"20190805","TOR","TBA",2,0
"20190806","PHI","ARI",4,8
"20190806","OAK","CHN",11,4
"20190806","ANA","CIN",4,8
"20190806","SLN","LAN",1,3
"20190806","MIA","NYN",0,5
"20190806","MIL","PIT",4,3
"20190806","WAS","SFN",5,3
"20190806","NYA","BAL",9,4
"20190806","KCA","BOS",6,2
"20190806","CHA","DET",5,3
"20190806","CHA","DET",6,10
"20190806","COL","HOU",6,11
"20190806","ATL","MIN",12,7
"20190806","SDN","SEA",9,4
"20190806","TOR","TBA",6,7
"20190807","PHI","ARI",1,6
"20190807","OAK","CHN",1,10
"20190807","SLN","LAN",1,2
"20190807","MIA","NYN",2,7
"20190807","MIL","PIT",8,3
"20190807","WAS","SFN",4,1
"20190807","NYA","BAL",14,2
"20190807","KCA","BOS",4,5
"20190807","TEX","CLE",0,2
"20190807","TEX","CLE",1,5
"20190807","CHA","DET",8,1
"20190807","COL","HOU",3,14
"20190807","ATL","MIN",11,7
"20190807","SDN","SEA",2,3
"20190807","TOR","TBA",4,3
"20190808","CHN","CIN",12,5
"20190808","ATL","MIA",2,9
"20190808","COL","SDN",3,9
"20190808","PHI","SFN",0,5
"20190808","ANA","BOS",0,3
"20190808","KCA","DET",8,10
"20190808","CLE","MIN",7,5
"20190808","NYA","TOR",12,6
"20190809","CHN","CIN",2,5
"20190809","ARI","LAN",3,2
"20190809","ATL","MIA",8,4
"20190809","TEX","MIL",5,6
"20190809","WAS","NYN",6,7
"20190809","COL","SDN",1,7
"20190809","PHI","SFN",9,6
"20190809","PIT","SLN",2,6
"20190809","HOU","BAL",3,2
"20190809","ANA","BOS",4,16
"20190809","OAK","CHA",7,0
"20190809","KCA","DET",2,5
"20190809","CLE","MIN",6,2
"20190809","TBA","SEA",5,3
"20190809","NYA","TOR",2,8
"20190810","CHN","CIN",1,10
"20190810","ARI","LAN",0,4
"20190810","ATL","MIA",6,7
"20190810","TEX","MIL",2,3
"20190810","WAS","NYN",3,4
"20190810","COL","SDN",5,8
"20190810","PHI","SFN",1,3
"20190810","PIT","SLN",1,3
"20190810","HOU","BAL",23,2
"20190810","ANA","BOS",12,4
"20190810","OAK","CHA",2,3
"20190810","KCA","DET",7,0
"20190810","CLE","MIN",1,4
"20190810","TBA","SEA",5,4
"20190810","NYA","TOR",4,5
"20190811","CHN","CIN",6,3
"20190811","ARI","LAN",3,9
"20190811","ATL","MIA",5,4
"20190811","TEX","MIL",1,0
"20190811","WAS","NYN",7,4
"20190811","COL","SDN",8,3
"20190811","PHI","SFN",6,9
"20190811","PIT","SLN",9,11
"20190811","HOU","BAL",7,8
"20190811","ANA","BOS",5,4
"20190811","OAK","CHA",2,0
"20190811","KCA","DET",10,2
"20190811","CLE","MIN",7,3
"20190811","TBA","SEA",1,0
"20190811","NYA","TOR",1,0
"20190812","ARI","COL",8,6
"20190812","TBA","SDN",10,4
"20190812","CIN","WAS",6,7
"20190812","PIT","ANA",10,2
"20190812","BOS","CLE",5,6
"20190812","BAL","NYA",5,8
"20190812","BAL","NYA",8,11
"20190812","TEX","TOR",4,19
"20190813","NYN","ATL",3,5
"20190813","ARI","COL",9,3
"20190813","LAN","MIA",15,1
"20190813","MIN","MIL",7,5
"20190813","CHN","PHI",2,4
"20190813","TBA","SDN",7,5
"20190813","OAK","SFN",2,3
"20190813","CIN","WAS",1,3
"20190813","PIT","ANA",10,7
"20190813","HOU","CHA",6,2
"20190813","HOU","CHA",1,4
"20190813","BOS","CLE",7,6
"20190813","SEA","DET",11,6
"20190813","SLN","KCA",2,0
"20190813","BAL","NYA",3,8
"20190813","TEX","TOR",0,3
"20190814","NYN","ATL",4,6
"20190814","ARI","COL",6,7
"20190814","LAN","MIA",9,1
"20190814","MIN","MIL",5,6
"20190814","CHN","PHI",1,11
"20190814","TBA","SDN",2,7
"20190814","OAK","SFN",9,5
"20190814","CIN","WAS",7,17
"20190814","PIT","ANA",4,7
"20190814","HOU","CHA",9,13
"20190814","BOS","CLE",5,1
"20190814","SEA","DET",2,3
"20190814","SLN","KCA",6,0
"20190814","BAL","NYA",5,6
"20190814","TEX","TOR",7,3
"20190815","SFN","ARI",7,0
"20190815","NYN","ATL",10,8
"20190815","SLN","CIN",1,2
"20190815","LAN","MIA",7,13
"20190815","CHN","PHI",5,7
"20190815","CHA","ANA",7,8
"20190815","SEA","DET",7,2
"20190815","CLE","NYA",19,5
"20190815","HOU","OAK",6,7
"20190815","MIN","TEX",13,6
"20190816","SFN","ARI",10,9
"20190816","LAN","ATL",8,3
"20190816","SLN","CIN",13,4
"20190816","MIA","COL",0,3
"20190816","SDN","PHI",4,8
"20190816","CHN","PIT",2,3
"20190816","MIL","WAS",1,2
"20190816","CHA","ANA",7,2
"20190816","BAL","BOS",1,9
"20190816","NYN","KCA",1,4
"20190816","CLE","NYA",2,3
"20190816","HOU","OAK",2,3
"20190816","DET","TBA",2,0
"20190816","MIN","TEX",4,3
"20190816","SEA","TOR",3,7
"20190817","SFN","ARI",11,6
"20190817","LAN","ATL",3,4
"20190817","SLN","CIN",1,6
"20190817","MIA","COL",4,11
"20190817","SDN","PHI",5,3
"20190817","CHN","PIT",2,0
"20190817","MIL","WAS",15,14
"20190817","CHA","ANA",5,6
"20190817","BAL","BOS",0,4
"20190817","NYN","KCA",4,1
"20190817","CLE","NYA",5,6
"20190817","HOU","OAK",4,8
"20190817","DET","TBA",0,1
"20190817","MIN","TEX",12,7
"20190817","SEA","TOR",4,3
"20190818","SFN","ARI",1,6
"20190818","LAN","ATL",3,5
"20190818","SLN","CIN",5,4
"20190818","MIA","COL",6,7
"20190818","SDN","PHI",3,2
"20190818","CHN","PIT",7,1
"20190818","MIL","WAS",8,16
"20190818","CHA","ANA",2,9
"20190818","BAL","BOS",7,13
"20190818","NYN","KCA",11,5
"20190818","CLE","NYA",8,4
"20190818","HOU","OAK",4,1
"20190818","DET","TBA",4,5
"20190818","MIN","TEX",6,3
"20190818","SEA","TOR",7,0
"20190819","COL","ARI",3,5
"20190819","SDN","CIN",3,2
"20190819","WAS","PIT",13,0
"20190819","MIL","SLN",0,3
"20190819","KCA","BAL",5,4
"20190819","DET","HOU",4,5
"20190819","CHA","MIN",6,4
"20190819","SEA","TBA",9,3
"20190819","ANA","TEX",7,8
"20190820","COL","ARI",7,8
"20190820","MIA","ATL",1,5
"20190820","SFN","CHN",3,5
"20190820","SDN","CIN",2,3
"20190820","TOR","LAN",3,16
"20190820","CLE","NYN",2,9
"20190820","WAS","PIT",1,4
"20190820","MIL","SLN",4,9
"20190820","KCA","BAL",1,4
"20190820","PHI","BOS",3,2
"20190820","DET","HOU",3,6
"20190820","CHA","MIN",4,14
"20190820","NYA","OAK",2,6
"20190820","SEA","TBA",7,4
"20190820","ANA","TEX",5,1
"20190820","ANA","TEX",2,3
"20190821","COL","ARI",7,2
"20190821","MIA","ATL",0,5
"20190821","SFN","CHN",11,12
"20190821","SDN","CIN",2,4
"20190821","TOR","LAN",1,2
"20190821","CLE","NYN",3,4
"20190821","WAS","PIT",11,1
"20190821","MIL","SLN",5,3
"20190821","KCA","BAL",1,8
"20190821","PHI","BOS",5,2
"20190821","DET","HOU",2,1
"20190821","CHA","MIN",4,0
"20190821","NYA","OAK",4,6
"20190821","SEA","TBA",6,7
"20190821","ANA","TEX",7,8
"20190822","MIA","ATL",2,3
"20190822","SFN","CHN",0,1
"20190822","TOR","LAN",2,3
"20190822","CLE","NYN",0,2
"20190822","WAS","PIT",7,1
"20190822","COL","SLN",5,6
"20190822","TBA","BAL",5,2
"20190822","TEX","CHA",1,6
"20190822","DET","HOU",3,6
"20190822","NYA","OAK",3,5
"20190823","WAS","CHN",9,3
"20190823","NYA","LAN",10,2
"20190823","PHI","MIA",11,19
"20190823","ARI","MIL",1,6
"20190823","ATL","NYN",2,1
"20190823","CIN","PIT",2,3
"20190823","BOS","SDN",11,0
"20190823","COL","SLN",3,8
"20190823","TBA","BAL",7,1
"20190823","TEX","CHA",3,8
"20190823","KCA","CLE",1,4
"20190823","ANA","HOU",4,5
"20190823","DET","MIN",9,6
"20190823","TOR","SEA",4,7
"20190824","WAS","CHN",7,2
"20190824","NYA","LAN",1,2
"20190824","PHI","MIA",9,3
"20190824","ARI","MIL",0,4
"20190824","ATL","NYN",9,5
"20190824","CIN","PIT",0,14
"20190824","BOS","SDN",5,4
"20190824","COL","SLN",0,6
"20190824","TBA","BAL",1,7
"20190824","TEX","CHA",4,0
"20190824","KCA","CLE",2,4
"20190824","ANA","HOU",2,5
"20190824","DET","MIN",5,8
"20190824","SFN","OAK",10,5
"20190824","TOR","SEA",7,5
"20190825","WAS","CHN",7,5
"20190825","NYA","LAN",5,1
"20190825","PHI","MIA",2,3
"20190825","ARI","MIL",5,2
"20190825","ATL","NYN",2,1
"20190825","CIN","PIT",8,9
"20190825","BOS","SDN",1,3
"20190825","COL","SLN",4,11
"20190825","TBA","BAL",3,8
"20190825","TEX","CHA",0,2
"20190825","KCA","CLE",9,8
"20190825","ANA","HOU",2,11
"20190825","DET","MIN",4,7
"20190825","SFN","OAK",5,4
"20190825","TOR","SEA",1,3
"20190826","ATL","COL",1,3
"20190826","CIN","MIA",6,3
"20190826","SLN","MIL",12,2
"20190826","PIT","PHI",5,6
"20190826","LAN","SDN",3,4
"20190826","ARI","SFN",6,4
"20190826","OAK","KCA",19,4
"20190826","NYA","SEA",5,4
"20190827","BOS","COL",10,6
"20190827","CIN","MIA",8,5
"20190827","SLN","MIL",6,3
"20190827","CHN","NYN",5,2
"20190827","PIT","PHI",5,4
"20190827","LAN","SDN",9,0
"20190827","ARI","SFN",3,2
"20190827","BAL","WAS",2,0
"20190827","TEX","ANA",2,5
"20190827","MIN","CHA",3,1
"20190827","CLE","DET",10,1
"20190827","TBA","HOU",1,15
"20190827","OAK","KCA",2,1
"20190827","NYA","SEA",7,0
"20190827","ATL","TOR",1,3
"20190828","BOS","COL",7,4
"20190828","CIN","MIA",5,0
"20190828","SLN","MIL",1,4
"20190828","CHN","NYN",10,7
"20190828","PIT","PHI",3,12
"20190828","LAN","SDN",6,4
"20190828","BAL","WAS",4,8
"20190828","TEX","ANA",3,0
"20190828","MIN","CHA",8,2
"20190828","CLE","DET",4,2
"20190828","TBA","HOU",6,8
"20190828","OAK","KCA",4,6
"20190828","NYA","SEA",7,3
"20190828","ATL","TOR",9,4
"20190829","LAN","ARI",5,11
"20190829","PIT","COL",11,8
"20190829","CIN","MIA",3,4
"20190829","CHN","NYN",4,1
"20190829","SDN","SFN",5,3
"20190829","MIN","CHA",10,5
"20190829","CLE","DET",2,0
"20190829","TBA","HOU",9,8
"20190829","OAK","KCA",9,8
"20190829","SEA","TEX",5,3
"20190830","LAN","ARI",4,5
"20190830","CHA","ATL",7,10
"20190830","MIL","CHN",1,7
"20190830","PIT","COL",9,4
"20190830","NYN","PHI",11,5
"20190830","SDN","SFN",3,8
"20190830","MIA","WAS",6,7
"20190830","BOS","ANA",7,6
"20190830","MIN","DET",13,5
"20190830","BAL","KCA",14,2
"20190830","OAK","NYA",8,2
"20190830","CLE","TBA",0,4
"20190830","SEA","TEX",3,6
"20190830","HOU","TOR",7,4
"20190831","LAN","ARI",5,6
"20190831","CHA","ATL",5,11
"20190831","MIL","CHN",2,0
"20190831","PIT","COL",11,4
"20190831","NYN","PHI",6,3
"20190831","SDN","SFN",4,1
"20190831","CIN","SLN",6,10
"20190831","CIN","SLN",2,3
"20190831","MIA","WAS",0,7
"20190831","BOS","ANA",4,10
"20190831","MIN","DET",7,10
"20190831","BAL","KCA",5,7
"20190831","OAK","NYA",3,4
"20190831","CLE","TBA",6,9
"20190831","SEA","TEX",2,3
"20190831","HOU","TOR",4,6
"20190901","LAN","ARI",4,3
"20190901","CHA","ATL",3,5
"20190901","MIL","CHN",4,0
"20190901","PIT","COL",6,2
"20190901","NYN","PHI",2,5
"20190901","SDN","SFN",8,4
"20190901","CIN","SLN",3,4
"20190901","CIN","SLN",5,3
"20190901","MIA","WAS",3,9
"20190901","BOS","ANA",4,3
"20190901","MIN","DET",8,3
"20190901","BAL","KCA",4,6
"20190901","OAK","NYA",4,5
"20190901","CLE","TBA",2,8
"20190901","SEA","TEX",11,3
"20190901","HOU","TOR",2,0
"20190902","SDN","ARI",7,14
"20190902","TOR","ATL",3,6
"20190902","SEA","CHN",1,5
"20190902","PHI","CIN",7,1
"20190902","COL","LAN",9,16
"20190902","HOU","MIL",3,2
"20190902","SFN","SLN",1,3
"20190902","NYN","WAS",7,3
"20190902","CHA","CLE",3,11
"20190902","MIN","DET",4,3
"20190902","TEX","NYA",7,0
"20190902","BAL","TBA",4,5
"20190903","SDN","ARI",1,2
"20190903","TOR","ATL",2,7
"20190903","SEA","CHN",1,6
"20190903","PHI","CIN",6,2
"20190903","COL","LAN",3,5
"20190903","HOU","MIL",2,4
"20190903","MIA","PIT",5,4
"20190903","SFN","SLN",0,1
"20190903","NYN","WAS",10,11
"20190903","MIN","BOS",6,5
"20190903","CHA","CLE",6,5
"20190903","DET","KCA",5,6
"20190903","TEX","NYA",1,10
"20190903","ANA","OAK",5,7
"20190903","BAL","TBA",4,2
"20190903","BAL","TBA",0,2
"20190904","SDN","ARI",1,4
"20190904","PHI","CIN",5,8
"20190904","COL","LAN",3,7
"20190904","MIA","PIT",5,6
"20190904","SFN","SLN",9,8
"20190904","NYN","WAS",8,4
"20190904","MIN","BOS",2,6
"20190904","CHA","CLE",6,8
"20190904","DET","KCA",4,5
"20190904","TEX","NYA",1,4
"20190904","ANA","OAK",0,4
"20190905","WAS","ATL",2,4
"20190905","PHI","CIN",3,4
"20190905","CHN","MIL",10,5
"20190905","MIA","PIT",10,7
"20190905","SFN","SLN",0,10
"20190905","TEX","BAL",3,1
"20190905","MIN","BOS",2,1
"20190905","CHA","CLE",7,1
"20190905","SEA","HOU",9,11
"20190905","DET","KCA",6,4
"20190905","ANA","OAK",6,10
"20190905","TOR","TBA",4,6
"20190906","WAS","ATL",3,4
"20190906","ARI","CIN",7,5
"20190906","SFN","LAN",5,4
"20190906","KCA","MIA",3,0
"20190906","CHN","MIL",1,7
"20190906","PHI","NYN",4,5
"20190906","SLN","PIT",4,9
"20190906","COL","SDN",3,2
"20190906","TEX","BAL",7,6
"20190906","NYA","BOS",1,6
"20190906","ANA","CHA",5,4
"20190906","SEA","HOU",4,7
"20190906","CLE","MIN",6,2
"20190906","DET","OAK",5,4
"20190906","TOR","TBA",0,5
"20190907","WAS","ATL",4,5
"20190907","ARI","CIN",2,0
"20190907","SFN","LAN",1,0
"20190907","KCA","MIA",7,2
"20190907","CHN","MIL",2,3
"20190907","PHI","NYN",5,0
"20190907","SLN","PIT",10,1
"20190907","COL","SDN",0,3
"20190907","TEX","BAL",9,4
"20190907","NYA","BOS",5,1
"20190907","ANA","CHA",8,7
"20190907","SEA","HOU",1,2
"20190907","CLE","MIN",3,5
"20190907","DET","OAK",2,10
"20190907","TOR","TBA",3,5
"20190908","WAS","ATL",9,4
"20190908","ARI","CIN",3,4
"20190908","SFN","LAN",0,5
"20190908","KCA","MIA",0,9
"20190908","CHN","MIL",5,8
"20190908","PHI","NYN",10,7
"20190908","SLN","PIT",2,0
"20190908","COL","SDN",1,2
"20190908","TEX","BAL",10,4
"20190908","NYA","BOS",10,5
"20190908","ANA","CHA",1,5
"20190908","SEA","HOU",1,21
"20190908","CLE","MIN",5,2
"20190908","DET","OAK",1,3
"20190908","TOR","TBA",3,8
"20190909","MIL","MIA",8,3
"20190909","ARI","NYN",1,3
"20190909","ATL","PHI",7,2
"20190909","CHN","SDN",10,2
"20190909","PIT","SFN",6,4
"20190909","CLE","ANA",6,2
"20190909","NYA","BOS",5,0
"20190909","OAK","HOU",0,15
"20190910","SLN","COL",1,2
"20190910","MIL","MIA",4,3
"20190910","ARI","NYN",2,3
"20190910","ATL","PHI",5,6
"20190910","CHN","SDN",8,9
"20190910","PIT","SFN",4,5
"20190910","CLE","ANA",8,0
"20190910","LAN","BAL",7,3
"20190910","KCA","CHA",3,7
"20190910","NYA","DET",11,12
"20190910","OAK","HOU",21,7
"20190910","WAS","MIN",0,5
"20190910","CIN","SEA",3,4
"20190910","TBA","TEX",5,3
"20190910","BOS","TOR",3,4
"20190911","SLN","COL",1,2
"20190911","MIL","MIA",7,5
"20190911","ARI","NYN",0,9
"20190911","ATL","PHI",3,1
"20190911","CHN","SDN",0,4
"20190911","PIT","SFN",6,3
"20190911","CLE","ANA",4,3
"20190911","LAN","BAL",3,7
"20190911","KCA","CHA",8,6
"20190911","OAK","HOU",5,3
"20190911","WAS","MIN",6,2
"20190911","CIN","SEA",3,5
"20190911","TBA","TEX",9,10
"20190911","BOS","TOR",0,8
"20190912","SLN","COL",10,3
"20190912","MIL","MIA",3,2
"20190912","ARI","NYN",1,11
"20190912","ATL","PHI",5,9
"20190912","CHN","SDN",4,1
"20190912","PIT","SFN",4,2
"20190912","LAN","BAL",4,2
"20190912","KCA","CHA",6,3
"20190912","NYA","DET",10,4
"20190912","NYA","DET",6,4
"20190912","OAK","HOU",3,2
"20190912","WAS","MIN",12,6
"20190912","CIN","SEA",11,5
"20190912","TBA","TEX",4,6
"20190912","BOS","TOR",7,4
"20190913","CIN","ARI",4,3
"20190913","PIT","CHN",8,17
"20190913","SDN","COL",8,10
"20190913","LAN","NYN",9,2
"20190913","MIA","SFN",0,1
"20190913","MIL","SLN",0,10
"20190913","ATL","WAS",5,0
"20190913","TBA","ANA",11,4
"20190913","BAL","DET",6,2
"20190913","HOU","KCA",4,1
"20190913","CHA","SEA",9,7
"20190913","OAK","TEX",14,9
"20190913","NYA","TOR",5,6
"20190914","CIN","ARI",0,1
"20190914","PIT","CHN",1,14
"20190914","SDN","COL",10,11
"20190914","LAN","NYN",0,3
"20190914","BOS","PHI",2,1
"20190914","MIA","SFN",4,2
"20190914","MIL","SLN",5,2
"20190914","ATL","WAS",10,1
"20190914","TBA","ANA",3,1
"20190914","MIN","CLE",2,0
"20190914","MIN","CLE",9,5
"20190914","BAL","DET",4,8
"20190914","HOU","KCA",6,1
"20190914","CHA","SEA",1,2
"20190914","OAK","TEX",8,6
"20190914","NYA","TOR",13,3
"20190915","CIN","ARI",3,1
"20190915","PIT","CHN",6,16
"20190915","SDN","COL",5,10
"20190915","LAN","NYN",3,2
"20190915","BOS","PHI",6,3
"20190915","MIA","SFN",1,2
"20190915","MIL","SLN",7,6
"20190915","ATL","WAS",0,7
"20190915","TBA","ANA",4,6
"20190915","MIN","CLE",5,7
"20190915","BAL","DET",8,2
"20190915","HOU","KCA",12,3
"20190915","CHA","SEA",10,11
"20190915","OAK","TEX",6,1
"20190915","NYA","TOR",4,6
"20190916","MIA","ARI",5,7
"20190916","CIN","CHN",2,8
"20190916","NYN","COL",4,9
"20190916","SDN","MIL",1,5
"20190916","WAS","SLN",2,4
"20190916","BAL","DET",2,5
"20190916","CHA","MIN",3,5
"20190916","KCA","OAK",6,5
"20190917","MIA","ARI",12,6
"20190917","PHI","ATL",5,4
"20190917","CIN","CHN",4,2
"20190917","NYN","COL",6,1
"20190917","TBA","LAN",5,7
"20190917","SDN","MIL",1,3
"20190917","SEA","PIT",6,0
"20190917","WAS","SLN",6,2
"20190917","TOR","BAL",8,5
"20190917","SFN","BOS",7,6
"20190917","DET","CLE",2,7
"20190917","TEX","HOU",1,4
"20190917","CHA","MIN",8,9
"20190917","ANA","NYA",0,8
"20190917","KCA","OAK",1,2
"20190918","MIA","ARI",4,5
"20190918","PHI","ATL",4,1
"20190918","CIN","CHN",3,2
"20190918","NYN","COL",7,4
"20190918","TBA","LAN",8,7
"20190918","SDN","MIL",2,1
"20190918","SEA","PIT",4,1
"20190918","WAS","SLN",1,5
"20190918","TOR","BAL",11,10
"20190918","SFN","BOS",11,3
"20190918","DET","CLE",1,2
"20190918","TEX","HOU",2,3
"20190918","CHA","MIN",3,1
"20190918","ANA","NYA",3,2
"20190918","KCA","OAK",0,1
"20190919","PHI","ATL",4,5
"20190919","SLN","CHN",5,4
"20190919","SDN","MIL",1,5
"20190919","SEA","PIT",6,5
"20190919","TOR","BAL",8,4
"20190919","SFN","BOS",4,5
"20190919","DET","CLE",0,7
"20190919","KCA","MIN",5,8
"20190919","ANA","NYA",1,9
"20190920","SFN","ATL",0,6
"20190920","SLN","CHN",2,1
"20190920","NYN","CIN",8,1
"20190920","COL","LAN",5,12
"20190920","WAS","MIA",6,4
"20190920","PIT","MIL",1,10
"20190920","ARI","SDN",9,0
"20190920","SEA","BAL",3,5
"20190920","PHI","CLE",2,5
"20190920","CHA","DET",10,1
"20190920","ANA","HOU",4,6
"20190920","KCA","MIN",3,4
"20190920","TOR","NYA",4,3
"20190920","TEX","OAK",0,8
"20190920","BOS","TBA",4,5
"20190921","SFN","ATL",1,8
"20190921","SLN","CHN",9,8
"20190921","NYN","CIN",2,3
"20190921","COL","LAN",4,2
"20190921","WAS","MIA",10,4
"20190921","PIT","MIL",1,10
"20190921","ARI","SDN",4,2
"20190921","SEA","BAL",7,6
"20190921","PHI","CLE",9,4
"20190921","CHA","DET",5,3
"20190921","ANA","HOU",8,4
"20190921","KCA","MIN",12,5
"20190921","TOR","NYA",2,7
"20190921","TEX","OAK",3,12
"20190921","BOS","TBA",4,5
"20190922","SFN","ATL",4,1
"20190922","SLN","CHN",3,2
"20190922","NYN","CIN",6,3
"20190922","COL","LAN",4,7
"20190922","WAS","MIA",3,5
"20190922","PIT","MIL",3,4
"20190922","ARI","SDN",4,6
"20190922","SEA","BAL",1,2
"20190922","PHI","CLE",1,10
"20190922","CHA","DET",3,6
"20190922","ANA","HOU",5,13
"20190922","KCA","MIN",8,12
"20190922","TOR","NYA",3,8
"20190922","TEX","OAK",8,3
"20190922","BOS","TBA",7,4
"20190923","SLN","ARI",9,7
"20190923","MIA","NYN",8,4
"20190923","PHI","WAS",2,7
"20190923","BOS","TBA",4,7
"20190923","BAL","TOR",10,11
"20190924","SLN","ARI",2,3
"20190924","MIL","CIN",4,2
"20190924","MIA","NYN",4,5
"20190924","CHN","PIT",2,9
"20190924","LAN","SDN",6,3
"20190924","COL","SFN",8,5
"20190924","PHI","WAS",1,4
"20190924","PHI","WAS",5,6
"20190924","OAK","ANA",2,3
"20190924","CLE","CHA",11,0
"20190924","MIN","DET",4,2
"20190924","ATL","KCA",6,9
"20190924","HOU","SEA",3,0
"20190924","NYA","TBA",1,2
"20190924","BOS","TEX",12,10
"20190924","BAL","TOR",11,4
"20190925","SLN","ARI",7,9
"20190925","MIL","CIN",9,2
"20190925","MIA","NYN",3,10
"20190925","CHN","PIT",2,4
"20190925","LAN","SDN",6,4
"20190925","COL","SFN",1,2
"20190925","PHI","WAS",2,5
"20190925","OAK","ANA",3,2
"20190925","CLE","CHA",3,8
"20190925","MIN","DET",5,1
"20190925","ATL","KCA",10,2
"20190925","HOU","SEA",3,0
"20190925","NYA","TBA",0,4
"20190925","BOS","TEX",10,3
"20190925","BAL","TOR",2,3
"20190926","MIL","CIN",5,3
"20190926","MIA","NYN",4,2
"20190926","CHN","PIT",5,9
"20190926","LAN","SDN",1,0
"20190926","COL","SFN",3,8
"20190926","PHI","WAS",3,6
"20190926","HOU","ANA",3,4
"20190926","CLE","CHA",0,8
"20190926","MIN","DET",10,4
"20190926","OAK","SEA",3,1
"20190926","BOS","TEX",5,7
"20190927","SDN","ARI",3,6
"20190927","MIL","COL",7,11
"20190927","ATL","NYN",2,4
"20190927","MIA","PHI",4,5
"20190927","CIN","PIT",5,6
"20190927","LAN","SFN",9,2
"20190927","CHN","SLN",8,2
"20190927","CLE","WAS",2,8
"20190927","HOU","ANA",4,0
"20190927","BAL","BOS",4,1
"20190927","MIN","KCA",6,2
"20190927","OAK","SEA",3,4
"20190927","NYA","TEX",14,7
"20190927","TBA","TOR",6,2
"20190928","SDN","ARI",5,6
"20190928","MIL","COL",2,3
"20190928","ATL","NYN",0,3
"20190928","MIA","PHI",3,9
"20190928","CIN","PIT",4,2
"20190928","LAN","SFN",2,0
"20190928","CHN","SLN",8,6
"20190928","CLE","WAS",7,10
"20190928","HOU","ANA",6,3
"20190928","BAL","BOS",9,4
"20190928","DET","CHA",1,7
"20190928","DET","CHA",4,3
"20190928","MIN","KCA",4,3
"20190928","OAK","SEA",1,0
"20190928","NYA","TEX",4,9
"20190928","TBA","TOR",1,4
"20190929","SDN","ARI",0,1
"20190929","MIL","COL",3,4
"20190929","ATL","NYN",6,7
"20190929","MIA","PHI",4,3
"20190929","CIN","PIT",3,1
"20190929","LAN","SFN",9,0
"20190929","CHN","SLN",0,9
"20190929","CLE","WAS",2,8
"20190929","HOU","ANA",8,5
"20190929","BAL","BOS",4,5
"20190929","DET","CHA",3,5
"20190929","MIN","KCA",4,5
"20190929","OAK","SEA",1,3
"20190929","NYA","TEX",1,6
"20190929","TBA","TOR",3,8
